Key,Value
about_internal_strings,"В этой таблице строк хранится текст, который был жёстко закодирован в FALL.EXE и текст, уникальный для Daggerfall Unity."
pleaseSelectYourHomeProvince,"Пожалуйста, выберите свою родную провинцию..."
saveGame,Сохранить игру
loadGame,Загрузить игру
thingJustDied,%s погибает.
gameSaved,Игра сохранена.
gameLoaded,Игра загружена.
thisHouseHasNothingOfValue,В этом доме нет ничего ценного.
findLocationPrompt,"Введите название места: "
rightHandEquipped,Правая рука экипирована.
leftHandEquipped,Левая рука экипирована.
usingRightHand,Используется оружие в правой руке.
usingLeftHand,Используется оружие в левой руке.
itemHasBroken,%s сломано.
itemHasBrokenPlural,%s сломаны.
cannotCarryGold,Вы не можете унести столько золота.
cannotFloat,"Вы несете слишком много, чтобы удержаться на плаву."
youHaveNoArrows,У вас нет стрел.
oldSaveNoTrade,"Загружено старое сохранение в помещении, окно торговли не будет работать, пожалуйста, выйдите и снова войдите в здание."
theBodyHasNoTreasure,Ничего нет.
youAreTooFarAway,Вы слишком далеко...
youSeeAn,Это %s.
youSeeA,Это %s.
youSeeADeadPerson,Это мёртвый человек.
youSeeADead,Это мёртвый %s.
youCollectArrows,Вы выдёргиваете свои стрелы из трупа.
loiterHowManyHours,"Сколько часов бездельничать: "
restHowManyHours,"Сколько часов отдыхать: "
potionRecipeFor,Рецепт Зелья %po
potionOf,Зелье %po
letterPrefix,"Письмо: "
multipleAssignments,У вас несколько заданий...
youAreEntering,Теперь вы в %s
storeClosed,Магазин закрыт. Часы работы с %d1:00 до %d2:00.
guildClosed,Гильдия закрыта. Часы работы с %d1:00 до %d2:00.
any,любой %s
arkayDesc,Бог Рождения и Смерти
zenDesc,Бог Труда и Торговли
maraDesc,Богиня Любви
akatoshDesc,Бог Времени
julianosDesc,Бог Логики
dibellaDesc,Богиня Красоты
stendarDesc,Бог Милосердия
kynarethDesc,Богиня Воздуха
interactionIsNowInMode,Режим взаимодействия - %s.
steal,кража
grab,взять
info,информация
dialogue,разговор
residence,Резиденция
youSee,Это %s.
theNamedResidence,Резиденция %s
playerResidence,Дом %s
materialIneffective,"Материал оружия неэффективен."
successfulBackstab,Успешный удар в спину!
languagePacified,"%e усмирен навыком %s"
lockpickingSuccess,Замок со щелчком открывается.
lockpickingFailure,Не разблокируется.
magicLock,Это магический замок...
lockpickChance1,Этому замку нечего вас бояться...
lockpickChance2,"Было бы чудом, если бы вы взломали этот замок..."
lockpickChance3,"Этот замок, похоже, за пределами ваших навыков..."
buildingNames,"Храм Акатоша
Храм Аркея
Храм Дибеллы
Храм Джулианоса
Храм Кинарет
Храм Мары
Храм Стендарра
Храм Зен
Орден Ворона
Рыцари Дракона
Рыцари Совы
Орден Свечи
Рыцари Пламени
Воинство Горна
Рыцари Розы
Рыцари Колеса
Орден Скарабея
Рыцари Ястреба
Гильдия Магов
Гильдия Бойцов
Таверна
Библиотека
Кузнец
Оружейник
Алхимик
Банк
Книжный магазин
Магазин одежды
Ювелирный магазин
Ломбард"
lockpickChance,"Вы сомневаетесь в своей способности открыть этот замок...
Этот замок выглядит сложным...
Этот замок бросил бы вам вызов...
Этот замок оказался бы хорошим испытанием...
Вы думаете, что сможете взломать этот замок...
Этот замок кажется относительно простым...
Вас забавляет этот замок...
Вы смеётесь над качеством этого замка...
Вы видите жалкое подобие замка...
Этот замок - оскорбление ваших способностей..."
youPinchedGoldPiece,Вы стащили 1 золотую монету.
youPinchedGoldPieces,Вы стащил %d золотых монет.
youAreNotSuccessful,Вы не добились успеха...
daysUntilFreedom,%d дней до свободы.
skillImprove,Ваш навык %s улучшился.
mustDistributeBonusPoints,Вы должны распределить все бонусные очки.
enterNewName,"Введите новое имя: "
affiliation,Организации
rank,Ранг
serviceQuests,Получить задание
serviceSell,Продать
serviceBanking,Банковские услуги
serviceIdentify,Идентифицировать
serviceBuySpells,Купить Заклинания
serviceTraining,Обучение
serviceTeleport,Телепортация
serviceMakeSpells,Создать заклинания
serviceBuyMagicItems,Купить магические предметы
serviceSellMagicItems,Продать магические предметы
serviceDaedraSummon,Вызов даэдра
serviceMakeMagicItems,Изготовление магических предметов
serviceRepairs,Ремонт
serviceDonate,Сделать пожертвование
serviceCure,Вылечить болезнь
serviceSpymaster,Шпионаж
serviceMakePotions,Изготовление зелий
serviceBuyPotions,Купить зелья
serviceBuySoulgems,Купить камни душ
serviceReceiveArmor,Получить броню
serviceReceiveHouse,Получить дом
serviceReceiveHouseAlready,Вы уже получили свой дом.
accessMembersOnly,"Чтобы получить доступ, необходимо иметь более высокий ранг."
serviceCured,Вы исцелены.
serviceSummonCost1,"%pcn, плата за мою попытку "
serviceSummonCost2,"вызова %dae составит "
serviceSummonCost3," золотых."
roomFreeForKnightSuchAsYou,"Комната бесплатна для такого рыцаря, как вы."
roomFreeDueToHeartsDay,Комната бесплатна в связи с Днём Сердца.
youAreNotHungry,Вы не голодны.
exhaustedInWater,Усталость одолевает вас и отправляет в водяную могилу...
youFeelSomewhatBad,У вас плохое самочувствие
avoidDeath,"По милости Стендарра, вы пережили верную смерть!"
pronounHe,он
pronounShe,она
pronounHim,ему
pronounHer,ей
pronounHis,его
pronounHers,её
pronounHimself,сам
pronounHerself,сама
city,город
village,деревня
hamlet,деревушка
farm,ферма
shack,хижина
manor,поместье
community,община
shrine,святилище
King,Король
Queen,Королева
Duke,Герцог
Duchess,Герцогиня
Marquis,Маркиз
Marquise,Маркиза
Count,Граф
Countess,Графиня
Baron,Барон
Baroness,Баронесса
Lord,Лорд
Lady,Леди
revered,почтенный
esteemed,почётный
honored,заслуженный
admired,восхитительный
respected,уважаемый
dependable,надёжный
aCommonCitizen,обычный гражданин
hated,ненавистный
pondScum,мразь
aVillain,злодей
aCriminal,преступник
aScoundrel,негодяй
undependable,ненадёжный
unknown,unknown
Broken,Сломанный
Useless,Бесполезный
Battered,Потрёпанный
Worn,Изношенный
Used,Поношенный
SlightlyUsed,Слегка поношенный
AlmostNew,Почти Новый
New,Новый
Nothing,Ничего
local,местный
tavern,таверна
Attempted_Breaking_And_Entering,Попытка взлома и проникновения
Trespassing,Незаконное проникновение
Breaking_And_Entering,Взлом и проникновение
Assault,Налёт
Murder,Убийство
Tax_Evasion,Уклонение от уплаты налогов
Criminal_Conspiracy,Преступный сговор
Vagrancy,Бродяжничество
Smuggling,Контрабанда
Piracy,Пиратство
High_Treason,Государственная измена
Pickpocketing,Карманная кража
Theft,Кража
Treason,Предательство
Loan_Default,Просрочка по займу
Regular_Punishment_String,штраф %gtp золотых и %dip дней в тюрьме
Banishment,Изгнание
Execution,Казнь
cannotChangeTransportationIndoors,Вы не можете изменить способ передвижения в помещении.
cannotTravelWithEnemiesNearby,"Вы не можете путешествовать, когда поблизости враги."
cannotTravelIndoors,"Вы не можете путешествовать, находясь в помещении."
powersUnknown,Обладает неизвестными силами.
itemPowers,"Каст при использовании:
Каст при удержании:
Кастовать при ударе:
Дополнительные очки заклинаний
Потенциал против
Восстанавливает здоровье
Вампирический эффект
Увеличение веса
Ремонтирует предметы
Поглощает заклинания
Улучшает навыки
Вес перьев
Укрепляет доспехи
Улучшает таланты
Хорошо сочетается с
Привязанность души
Предмет портится
Пользователь получает урон
Проблемы со зрением
Проблемы с ходьбой
Низкий урон против
Пиявка здоровья
Плохие реакции
Дополнительный вес
Ослабляет броню
Плохое отношение к"
enemyNames,"Крыса
Бес
Спригган
Гигантская летучая мышь
Медведь гризли
Саблезубый тигр
Паук
Орк
Кентавр
Вервольф
Нимфа
Рыба-убийца
Орк сержант
Гарпия
Вервепрь
Скелет воин
Великан
Зомби
Привидение
Мумия
Гигантский скорпион
Орк шаман
Горгулья
Призрак
Орк Полководец
Ледяной даэдра
Огненный даэдра
Даэдрот
Вампир
Даэдра-сооблазнитель
Древний вампир
Лорд Даэдра
Лич
Древний Лич
Драгонлинг
Огненный Атронах
Железный Атронах
Атронах из плоти
Ледяной Атронах
Лошадь
Драгонлинг
Дреуг
Ламия
Маг
Воин слова
Боевой маг
Колдун
Лекарь
Меч ночи
Бард
Взломщик
Жулик
Акробат
Вор
Ассассин
Монах
Лучник
Рейнджер
Варвар
Воин
Рыцарь
Городской стражник"
extraSpellPtsTimes,"зимой
весной
летом
осенью
во время полнолуния
во время полумесяца
в новолуние
рядом с нежитью
вблизи даэдра
рядом с гуманоидами
рядом с животными"
regensHealthTimes,"в любое время
днём
ночью"
vampiricEffectRanges,"на расстоянии
при ударах"
increasedWeightAllowances,"дополнительно 25%
дополнительно 50%"
improvedTalents,"слух
атлетизм
прилив адреналина"
itemDeteriorateLocations,"всё время
при свете солнца
в святых местах"
userTakesDamageLocations,"на солнечном свету
в святых местах"
enemyGroupNames,"нежить
Даэдра
гуманоиды
животные"
healthLeechStopConditions,"при любом использовании
если не используется ежедневно
если не используется еженедельно"
badReactionFromEnemyGroups,"гуманоиды
животные
Даэдра"
repWithGroups,"Обыватели
Торговцы
Ученые
Дворянство
Преступники
Все"
youReceiveGoldPieces,Вы получили %s золотых монет.
bankPurchasePrice,Цена: %s золотых монет.
youHaveRentedRoom,У вас снята комната в %s на %d часов.
haveNotRentedRoom,Вы не снимали здесь комнату.
expiredRentedRoom,Срок аренды этой комнаты истёк.
tavernAle,Эль (1 золотой)
tavernBeer,Пиво (1 золотой)
tavernMead,Медовуха (2 золотых)
tavernWine,Вино (3 золотых)
tavernBread,Хлеб (1 золотой)
tavernBroth,Бульон (1 золотой)
tavernCheese,Сыр (2 золотых)
tavernFowl,Птица (3 золотых)
tavernGruel,Каша (2 золотых)
tavernPie,Пирог (2 золотых)
tavernStew,Рагу (3 золотых)
pressButtonToFireSpell,"Нажмите кнопку, чтобы произнести заклинание."
climbingMode,Режим карабканья
rappelMode,Режим спуска
hangingMode,Режим висения
acuteHearing,Острый слух
adrenalineRush,Прилив адреналина
athleticism,Атлетизм
bonusToHit,Бонус к попаданию
expertiseIn,Экспертиза
immunity,Иммунитет
increasedMagery,Усиленная магия
rapidHealing,Быстрое исцеление
regenerateHealth,Регенерация здоровья
resistance,Сопротивление
spellAbsorption,Поглощение заклинаний
animals,Животные
daedra,Даэдра
humanoid,Гуманоиды
undead,Нежить
axe,Топоры
bluntWeapon,Тупое оружие
handToHand,Бой без оружия
longBlade,Длинные клинки
missileWeapon,Дальнобойное оружие
shortBlade,Короткие клинки
toDisease,к болезни
toFire,к огню
toFrost,к морозу
toMagic,к магии
toParalysis,к параличу
toPoison,к яду
toShock,к шоку
intInSpellPoints15,Очки заклинаний = 1.5 х ИНТ
intInSpellPoints175,Очки заклинаний = 1.75 х ИНТ
intInSpellPoints2,Очки заклинаний = 2 х ИНТ
intInSpellPoints3,Очки заклинаний = 3 х ИНТ
intInSpellPoints,Очки заклинаний = 1 х ИНТ
general,общий
inDarkness,в темноте
inLight,на свету
whileImmersed,при погружении в воду
criticalWeakness,Критическая слабость
damage,Урон
darknessPoweredMagery,"Магия, усиленная тьмой"
forbiddenArmorType,Запрещенный тип брони:
forbiddenMaterial,Запрещенный материал:
forbiddenShieldTypes,Запрещенные типы щитов:
forbiddenWeaponry,Запрещенное оружие:
inabilityToRegen,Невозможность восстанавливать очки заклинаний
lightPoweredMagery,Светосильная магия
lowTolerance,Низкая толерантность
phobia,Фобия
fromHolyPlaces,от святых мест
fromSunlight,от солнечного света
lowerMagicAbilityDaylight,Снижение магических способностей при дневном свете
unableToUseMagicInDaylight,Невозможно использовать магию при дневном свете
chain,Кольчужный
leather,Кожа
plate,Пластинчатый
adamantium,Адамант
daedric,Даэдрический
dwarven,Гномский
ebony,Эбонит
elven,Эльфийский
iron,Железо
mithril,Мифрил
orcish,Оркский
silver,Серебро
steel,Сталь
buckler,Баклер
kiteShield,Турнирный щит
roundShield,Круглый щит
towerShield,Башенный щит
lowerMagicAbilityDarkness,Снижение магических способностей в темноте
unableToUseMagicInDarkness,Невозможно использовать магию в темноте
helpAttributes,Атрибуты
helpClassName,Имя класса
helpGeneral,Общие сведения
helpReputations,Репутация
helpSkillAdvancement,Развитие навыков
helpSkills,Навыки
helpSpecialAdvantages,Особые преимущества
helpSpecialDisadvantages,Особые недостатки
lower,Ниже
higher,Выше
unchanged,Без изменений
elsweyr,Эльсвейр
blackMarsh,Блэк Марш
hammerfell,Хаммерфелл
highRock,Хай Рок
morrowind,Морровинд
skyrim,Скайрим
sumurset,Саммерсет
valenwood,Валенвуд
rollingHills,холмы
desertLand,пустыня
mountains,горы
swamps,болота
forests,леса
shores,берега
medical,Медицина
etiquette,Этикет
streetwise,Жаргон
jumping,Прыжки
harpy,Язык гарпий
giantish,Язык великанов
dragonish,Язык драконов
nymph,Язык нимф
aedric,Аэдрический
spriggan,Язык спригганов
centaurian,Язык кентавров
impish,Язык бесов
lockpicking,Взлом
mercantile,Торговля
pickpocket,Карманные кражи
stealth,Скрытность
swimming,Плавание
climbing,Лазание
backstabbing,Удар в спину
dodging,Уклонение
running,Бег
destruction,Разрушение
restoration,Восстановление
illusion,Иллюзии
alteration,Изменение
thaumaturgy,Тауматургия
mysticism,Мистицизм
archery,Стрельба из лука
criticalStrike,Критический удар
strength,Сила
intelligence,Интеллект
willpower,Сила воли
agility,Ловкость
endurance,Выносливость
personality,Привлекательность
speed,Скорость
luck,Удача
STR,СИЛ
INT,ИНТ
WIL,ВОЛ
AGI,ЛОВ
END,ВЫН
PER,ПРИ
SPD,СКР
LUC,УДЧ
breton,Бретон
redguard,Редгард
darkElf,Тёмный эльф
highElf,Высший Эльф
woodElf,Лесной эльф
khajiit,Каджит
argonian,Аргонианин
vampire,Вампир
werewolf,Вервольф
wereboar,Вервепрь
vraseth,Врасет
haarvenu,Хаарвену
thrafey,Трафей
lyrezi,Лирези
montalion,Монталион
khulari,Хулари
garlythi,Гарлити
anthotis,Антотис
selenu,Селену
lockedExteriorDoor,Закрыто.
canOnlyCastOncePerDay,Может быть использовано только один раз в день...
youNeedToHuntTheInnocent,Вы чувствуете потребность охотиться на невинных...
youDreamOfTheMoon,Вы снова мечтаете о луне...
inventoryWhileShapechanged,Вы не можете получить доступ к инвентарю при изменении формы...
youGetNoResponse,Вы не получаете ответа.
copyLogbookInfo,Левый клик: скопировать выделенный текст. Правый клик: скопировать весь разговор.
east,востоке
northeast,северо-востоке
north,севере
northwest,северо-западе
west,западе
southwest,юго-западе
south,юге
southeast,юго-востоке
thisPlace,это место
AnyNews,Что нового?
WhereAmI,Где я нахожусь?
AnswerTextWhereAmI,Вы находитесь в {0} в {1}.
YouAreInSameBuilding,Вы нашли {0}. Вы здесь.
NpcInSameBuilding,"{0} где-то здесь, в {1}."
PreviousList,Предыдущий список
General,Общее
Regional,Региональное
Alchemists,Алхимики
Armorers,Оружейники
Banks,Банки
Bookstores,Книжные магазины
Clothingstores,Магазины одежды
Gemstores,Ювелирные магазины
Generalstores,Магазины
Guilds,Гильдии
Libraries,Библиотеки
Pawnshops,Ломбарды
Taverns,Таверны
Weaponsmiths,Кузнецы
Localtemples,Местные храмы
Sir,Сэр
Ma'am,Мэм
oldLeaderFate0,умер от сердечной недостаточности
oldLeaderFate1,упал и ударился головой
oldLeaderFate2,умер от чумы
oldLeaderFate3,ушёл в отставку под давлением
oldLeaderFate4,был свергнут
oldLeaderFate5,был найден убитым в своей постели
toBeReplacedStringRegional,Any
replacementStringRegional,any
comma,", "
resolvingError,...неважно...
chameleon,Хамелеон
charm,Очарование
comprehendLanguages,Понимание языков
continuousDamage,Постоянный урон
createItem,Создать предмет
cure,Вылечить
detect,Обнаружить
disintegrate,Дезинтеграция
dispel,Рассеять
drain,Опустошить
elementalResistance,Сопротивление стихиям
fortifyAttribute,Укрепление атрибута
freeAction,Свободa действий
heal,Исцеление
identify,Идентифицировать
invisibility,Невидимость
levitate,Левитация
light,Свет
lock,Замок
morphSelf,Изменить себя
open,Открыть
pacify,Умиротворить
paralyze,Парализовать
regenerate,Регенерация
shadow,Тень
shield,Щит
silence,Тишина
slowfall,Замедленное падение
soulTrap,Ловушка душ
spellReflection,Отражение заклинаний
spellResistance,Сопротивление заклинаниям
teleport,Телепорт
transfer,Перенос
waterBreathing,Водное дыхание
waterWalking,Хождение по воде
fire,Огонь
frost,Мороз
magicka,Магия
poison,Яд
shock,Шок
enemy,Враг
magic,Магия
treasure,Сокровище
fatigue,Усталость
health,Здоровье
spellPoints,Очки заклинаний
disease,Болезнь
paralyzation,Парализация
animal,Животные
normal,Нормальный
TRUE,TRUE
noName,<no-name>
youDontHaveTheSpellPoints,Вам не хватает магии.
youAreSilenced,Вы онемели
youAreParalyzed,Вы парализованы.
youFeelDrained,Вы истощены.
youAreFortified,Вы укреплены.
youAreInvisible,Вы невидимы.
youAreLevitating,Вы левитируете.
youAreRegenerating,Вы регенерируете.
youAreBlending,Слитие с тенями.
youAreAShade,Вы - тень.
slowFallActive,Активно медленное падение.
saveVersusSpellMade,Спасбросок против заклинания выполнен.
spellEffectFailed,Эффект заклинания не сработал.
spellAbsorbed,Заклинание было поглощено.
spellReflected,Заклинание было отражено.
spellResisted,Заклинанию было оказано сопротивление.
readyToLock,Готовность к запиранию.
readyToOpen,Готовность к открытию.
doorLocked,Дверь теперь заперта.
doorAlreadyLocked,Дверь уже заперта.
openFailed,Замок слишком мощный.
noSpellbook,У вас нет книги заклинаний!
sunlightDamageFastTravelDay,Вы не можете начать быстрое путешествие днём.
trapActive,Ловушка активна.
trapHumanoid,Ловушка не действует на гуманоидов.
trapSuccess,Душа в ловушке.
trapFail,Ловушка не сработала.
trapNoneEmpty,У вас нет пустых ловушек для души!
stamina,Выносливость
orcStrength,Сила орка
healing,Исцеление
restorePower,Восстановление энергии
resistFire,Сопротивляйтесь огню
resistFrost,Сопротивляйтесь морозу
resistShock,Сопротивляться шоку
cureDisease,Болезнь излечения
slowFalling,Замедленное падение
healTrue,Исцеление истинное
levitation,Левитация
resistPoison,Сопротивление яду
curePoison,Вылечить отравление
chameleonForm,Форма хамелеона
shadowForm,Форма тени
purification,Очищение
LeatherCuirass,Кожаная кираса
LeatherGauntlets,Кожаные перчатки
LeatherGreaves,Кожаные поножи
LeatherLeftPauldron,Кожаный левый наплечник
LeatherRightPauldron,Кожаный правый наплечник
LeatherHelm,Кожаный шлем
LeatherBoots,Кожаные сапоги
ChainCuirass,Кольчужная кираса
ChainGauntlets,Кольчужные перчатки
ChainGreaves,Кольчужные поножи
ChainLeftPauldron,Кольчужный левый наплечник
ChainRightPauldron,Кольчужный правый наплечник
ChainHelm,Кольчужный шлем
ChainBoots,Кольчужные сапоги
SteelCuirass,Стальная кираса
SteelGauntlets,Стальные перчатки
SteelGreaves,Стальные поножи
SteelLeftPauldron,Стальной левый наплечник
SteelRightPauldron,Стальной правый наплечник
SteelHelm,Стальной шлем
SteelBoots,Стальные сапоги
SteelBuckler,Стальной щит
SteelDagger,Стальной кинжал
SteelLongsword,Стальной длинный меч
SteelStaff,Стальной посох
ShortBow,Короткий лук
Arrows,Стрелы
SteelBattleAxe,Стальной боевой топор
Robes,Робы
CastWhenUsed,Каст при использовании:
CastWhenHeld,Каст при удержании:
CastWhenStrikes,Кастовать при ударе:
ExtraSpellPts,Дополнительные очки заклинаний
PotentVs,Потенциал против
RegensHealth,Восстанавливает здоровье
VampiricEffect,Вампирический эффект
IncreasedWeightAllowance,Увеличение допустимого веса
RepairsObjects,Ремонтирует предметы
AbsorbsSpells,Поглощает заклинания
EnhancesSkill,Улучшает навыки
FeatherWeight,Вес пера
StrengthensArmor,Укрепляет доспехи
ImprovesTalents,Улучшает таланты
GoodRepWith,Хорошее отношение к
SoulBound,Привязанность души
ItemDeteriorates,Предмет портится
UserTakesDamage,Пользователь получает повреждения
VisionProblems,Проблемы со зрением
WalkingProblems,Проблемы с ходьбой
LowDamageVs,Низкий урон против
HealthLeech,Пиявка здоровья
BadReactionsFrom,Плохие реакции
ExtraWeight,Дополнительный вес
WeakensArmor,Ослабляет броню
BadRepWith,Плохое отношение к
inHolyPlaces,в святых местах
wheneverUsed,при каждом использовании
unlessUsedDaily,если не используется ежедневно
unlessUsedWeekly,если не используется еженедельно
fromHumanoids,от гуманоидов
fromAnimals,от животных
fromDaedra,от даэдра
duringWinter,зимой
duringSpring,весной
duringSummer,летом
duringFall,осенью
duringFullMoon,в полнолуние
duringHalfMoon,в четверть луны
duringNewMoon,в новолуние
nearUndead,около нежити
nearDaedra,рядом с даэдра
nearHumanoids,вблизи гуманоидов
nearAnimals,около животных
undeadLower,нежить
humanoidLower,гуманоид
animalsLower,животные
animalsUpper,Животные
allTheTime,всегда
inSunlight,днем
inDarknessLower,ночью
atRange,на расстоянии
whenStrikes,при ударах
add25Percent,дополнительно 25%
add50Percent,дополнительно 50%
hearing,hearing
athleticismLower,атлетизм
adrenalineRushLower,прилив адреналина
commoners,Обыватели
merchants,Торговцы
scholars,Ученые
nobility,Дворянство
underworld,Преступники
all,Все
noRoomInItem,В предмете нет места...
noEnchantments,Вы не подготовили чары для этого предмета.
noMonstersNearby,Монстров поблизости нет.
Fire,Огонь
Frost,Мороз
Poison,Яд
Shock,Шок
Magicka,Магия
Animal,Животное
Undead,Нежить
Humanoid,Гуманоид
Daedra,Даэдра
dialogButtonInfo,Активные задания; Завершённые задания; Записная книжка; Сообщения
activeQuests,Активные квесты
activeQuestsInfo,"Щёлкните по активному заданию, с пунктом назначения, чтобы начать путешествие."
finishedQuests,Завершённые квесты
finishedQuestsInfo,"Щёлкните по записи, чтобы переместить её. Правый щелчок, чтобы удалить."
notebook,Записная книжка
notebookInfo,"Щёлкните по заметке, чтобы переместить её. Правый щелчок, чтобы удалить. Щелчок на пустом месте, чтобы добавить новую заметку."
messages,Сообщения
messagesInfo,"История сообщений, недавно показанных на экране"
confirmMoveHead,Переместить запись
confirmMove,Вы хотите переместить эту запись?
confirmMove2,"(она будет размещена перед записью, которую щёлкнешь)"
confirmRemoveHead,Удалить запись
confirmRemove,"Уверены, что хотите удалить эту запись?"
confirmRemove2,(она будет удалена без возможности восстановления)
confirmFindHead,Путешествие к месту
confirmFind,"Вы хотите открыть карту мира, чтобы отправиться в:"
confirmFind2,(Примечание: вы сможете отказаться от путешествия на карте мира)
enterNote,Напиши свою заметку:
completedQuest,завершён
endedQuest,закончен
finishQuestHeader,{0} ({1}: {2}):
quest,Задание
noteHeader,{0} в {1}:
houseDeed,Вы получили документы и теперь владеете домом в городе %town в %region.
levelProgress,Прогресс до следующего уровня: {0}%
readMap,Обнаружено местоположение %map после изучения карты.
readMapTG,Гильдия Воров раскрыла местонахождение тщательно охраняемой сокровищницы под названием %map.
readMapDB,"Тёмное Братство раскрыло секрет некоторых склепов с сокровищами, расположенных где-то в месте под названием %map."
readMapFail,"Вам уже известно место, указанное на этой карте."
howManyItems,Сколько раз (макс {0})?
wagonFullGold,В вашей повозке может поместиться только {0} золотых монет.
itemsIdentified,Предметы идентифицированы.
repairDone,Готово
repairDays,%d дней
interruptRepair,Забрать предмет до его ремонта?
repairNote,Оставил {0} на ремонт в {1}.
doesntNeedIdentify,Это не требует идентификации.
goldAmount,{0} золотых
goldWeight,Вес: {0} кг
letterOfCredit,Вы получаете оплату по аккредитиву.
stealSuccess,Вы успешны.
stealFailure,Вы не достигли успеха...
cannotRemoveItem,Вы не можете снять этот предмет.
cannotCarryAnymore,Вы не можете унести больше вещей.
cannotHoldAnymore,Ваша тележка уже не может вместить больше вещей.
cannotUseThis,Вы не можете использовать это.
equippingWeapon,Экипировано: %s
lightDouse,Вы потушили %it.
lightLight,Вы зажигаете %it.
lightDies,Ваш %it мерцает и гаснет.
lightEmpty,У вашего %it не осталось топлива.
lightRefuel,Вы заправляешь свой %it бутылкой масла.
lightFull,Ваш %it заполнен.
kgSrc,кг
kgRep,кг
damSrc,очки ущерба
damRep,урон
arSrc,рейтинг брони
arRep,броня
northern,с севера
southern,с юга
noWagon,У вас нет повозки.
exitTooFar,"Выход находится слишком далеко, чтобы вы могли добраться до своей повозки."
bookUnavailable,Книга испорчена и теперь нечитабельна.
unknownAuthor,неизвестный автор
cannotDeleteVamp,Невозможно удалить специальные заклинания вампиров.
cannotDeleteWere,Невозможно удалить специальное заклинание ликантропии.
noRecipes,У вас нет рецептов.
potionMixed,Ваше зелье было приготовлено.
potionFailed,Из этих ингредиентов не получилось эффективного зелья.
reqIngredients,У вас нет нужных ингредиентов.
region,Регион
account,Счёт
loan,Займ
dueDate,Срок погашения
noAccount,Нет аккаунта
loanReminder,"У вас есть займ в размере {0} золотых монет, подлежащий выплате "
loanReminder2,через {0} месяцев в {1}
classicIcons,Классика
suggestedIcons,Предложенные
serviceMembersOnly,Мои услуги предназначены только для членов организации.
serviceDonateHowMuch,"Сколько денег пожертвовать: "
curedDisease,Вы вылечились.
freeHolidayCuring,Вы лечитесь бесплатно благодаря сегодняшнему празднику.
gettingQuests1,"Хм, давайте я посмотрю, какие задания у нас есть."
gettingQuests2,"Пожалуйста, наберитесь терпения и подождите немного, %pcf."
illegalRestWarning,Разбивать лагерь в городе или рядом с ним незаконно. Продолжать?
cannotLoiterMoreThanXHours1,"Вы не можете бездельничать больше "
cannotLoiterMoreThanXHours2,чем {0} часов подряд.
automapToolTipTextGridButton,Левый щелчок: переключение между 2D видом сверху и 3D видом (горячая клавиша: {0})\rправый щелчок: возврат оси вращения в положение игрока (горячая клавиша: {1})\rколесо мыши вверх при наведении на кнопку: увеличение перспективы (только 3D режим)\rколесо мыши вниз при наведении на кнопку: уменьшение перспективы (только 3D режим)
automapToolTipForwardButton,Левый щелчок: перемещение точки обзора вперед (горячая клавиша: {0})\rправый щелчок: перемещение оси вращения вперед (горячая клавиша: {1})
automapToolTipBackwardButton,Левый щелчок: перемещение точки обзора назад (горячая клавиша: {0})\rправый щелчок: перемещение оси вращения назад (горячая клавиша: {1})
automapToolTipLeftButton,Левый щелчок: перемещение точки обзора влево (горячая клавиша: {0})\rправый щелчок: перемещение оси вращения влево (горячая клавиша: {1})
automapToolTipRightButton,Левый щелчок: перемещение точки обзора вправо (горячая клавиша: {0})\rправый щелчок: перемещение оси вращения вправо (горячая клавиша: {1})
automapToolTipRotateLeftButton,щелчок левой кнопкой мыши: повернуть подземелье влево (горячая клавиша: {0})\rщелчок правой кнопкой мыши: повернуть камеру влево (горячая клавиша: {1})
automapToolTipRotateRightButton,левый щелчок: повернуть подземелье вправо (горячая клавиша: {0})\rправый щелчок: повернуть камеру вправо (горячая клавиша: {1})
automapToolTipUpstairsButton,Щелчок левой кнопкой мыши: увеличение точки обзора (горячая клавиша: {0})\r Щелчок правой кнопкой мыши: увеличение уровня фрагмента (горячая клавиша: {1})\r Уровень фрагмента можно также регулировать, удерживая среднюю кнопку мыши\r\r Подсказка: различные режимы рендеринга могут показывать скрытую геометрию:\r горячая клавиша {2}: режим вырезания\r горячая клавиша {3}: режим каркаса\r горячая клавиша {4}: прозрачный режим\r переключение между режимами осуществляется клавишей return\r
automapToolTipDownstairsButton,Щелчок левой кнопкой мыши: уменьшение точки обзора (горячая клавиша: {0})\r Щелчок правой кнопкой мыши: уменьшение уровня фрагмента (горячая клавиша: {1})\r Уровень фрагмента можно также регулировать, удерживая среднюю кнопку мыши\r\r Подсказка: различные режимы рендеринга могут показывать скрытую геометрию:\r горячая клавиша {2}: режим вырезания\r горячая клавиша {3}: режим каркаса\r горячая клавиша {4}: прозрачный режим\r переключение между режимами осуществляется клавишей return\r
automapToolTipPanelCompass,"Левый клик: переключить фокус (горячая клавиша: {0})\r маячки: красный ... игрок, зеленый ... вход, синий ... ось вращения \r\r правый щелчок: сбросить вид (горячая клавиша: {1})\r\r двойной щелчок левой кнопкой мыши в окне для создания+редактирования заметки маркера \r двойной щелчок левой кнопкой мыши (+Ctrl) в окне для создания маркера \r двойной щелчок левой кнопкой мыши на маркере для добавления/редактирования заметки \r двойной щелчок правой кнопкой мыши на маркере для его удаления \r двойной щелчок правой кнопкой мыши в окне для позиционирования оси вращения \r двойной щелчок средней кнопкой мыши в окне для центрирования вида \r двойной щелчок левой кнопкой мыши на маркере обнаруженного портала для перехода \r к подключенному порталу-телепортеру"
automapPlayerPositionBeacon,маяк положения игрока
automapRotationPivotAxis,ось вращения
automapEntranceExitPositionBeacon,маяк положения входа/выхода
automapEntranceExit,вход/выход
automapPlayerMarker,маркер игрока
automapTeleporterEntrance,телепорт (вход)
automapTeleporterExit,телепорт (выход)
exteriorAutomapBuildingTypeAlchemist,Алхимик
exteriorAutomapBuildingTypeArmorer,Оружейник
exteriorAutomapBuildingTypeBank,Банк
exteriorAutomapBuildingTypeBookseller,Книготорговец
exteriorAutomapBuildingTypeClothingStore,Магазин одежды
exteriorAutomapBuildingTypeFurnitureStore,Мебельный магазин
exteriorAutomapBuildingTypeGemStore,Ювелирный магазин
exteriorAutomapBuildingTypeGeneralStore,Магазин
exteriorAutomapBuildingTypeGuildHall,Зал гильдии
exteriorAutomapBuildingTypeHouseForSale,Дом на продажу
exteriorAutomapBuildingTypeLibrary,Библиотека
exteriorAutomapBuildingTypePalace,Дворец
exteriorAutomapBuildingTypePawnShop,Ломбард
exteriorAutomapBuildingTypeTavern,Таверна
exteriorAutomapBuildingTypeTemple,Храм
exteriorAutomapBuildingTypeWeaponSmith,Кузница
exteriorAutomapBuildingTypeUnknown,Неизвестно
exteriorAutomapToolTipTextGridButton,"щелчок левой кнопкой мыши: переключение на следующий режим просмотра (горячая клавиша: {0})\r доступные режимы просмотра: \r- оригинальный (горячая клавиша {1})\r- дополнительный: включает дополнительные здания (горячая клавиша {2})\r- все: включает дополнительные здания, наземные квартиры (горячая клавиша {3})\r- переключение текстуры фона с помощью {4}, {5}, {6}, {7}"
exteriorAutomapToolTipForwardButton,Щелчок левой кнопкой мыши: перемещение вверх (горячая клавиша: {0})\r Щелчок правой кнопкой мыши: перемещение к северной границе расположения (горячая клавиша: {1})
exteriorAutomapToolTipBackwardButton,Щелчок левой кнопкой мыши: перемещение вниз (горячая клавиша: {0})\r Щелчок правой кнопкой мыши: перемещение к южной границе расположения (горячая клавиша: {1})
exteriorAutomapToolTipLeftButton,Щелчок левой кнопкой мыши: перемещение влево (горячая клавиша: {0})\r Щелчок правой кнопкой мыши: перемещение к западной границе расположения (горячая клавиша: {1})
exteriorAutomapToolTipRightButton,Щелчок левой кнопкой мыши: перемещение вправо (горячая клавиша: {0})\r Щелчок правой кнопкой мыши: перемещение к восточной границе расположения (горячая клавиша: {1})
exteriorAutomapToolTipRotateLeftButton,Щелчок левой кнопкой мыши: поворот карты влево (горячая клавиша: {0})\r Щелчок правой кнопкой мыши: поворот карты вокруг позиции игрока\r влево (горячая клавиша: {1})
exteriorAutomapToolTipRotateRightButton,Левый щелчок: поворот карты вправо (горячая клавиша: {0})\r Правый щелчок: поворот карты вокруг позиции игрока\r вправо (горячая клавиша: {1})
exteriorAutomapToolTipUpstairsButton,Щелчок левой кнопкой мыши: увеличение масштаба (горячая клавиша: {0}\r Щелчок правой кнопкой мыши: применение максимального масштаба)
exteriorAutomapToolTipDownstairsButton,Щелчок левой кнопкой мыши: уменьшить масштаб (горячая клавиша: {0}\r Щелчок правой кнопкой мыши: применить минимальный масштаб)
exteriorAutomapToolTipPanelCompass,Левый щелчок: фокусировка позиции игрока (горячая клавиша: {0})\r правый щелчок: сброс вида (горячая клавиша: {1})
loading,"Пожалуйста, подожди..."
classicSave,Классика
cancel,Отмена
renameSave,Переимен.
deleteSave,Удалить
switchChar,Персонаж
savePrompt,Сохранить игру
loadPrompt,Загрузить игру
saveButton,Сохранить
loadButton,Загрузить
enterSaveName,Введите имя сохранения
selectSaveName,Выберите сохранение
confirmDeleteSave,"Уверены, что хотите удалить сохранение?"
confirmOverwriteSave,Перезаписать это сохранение?
youMustEnterASaveName,Вы должны ввести имя сохранения.
youMustSelectASaveName,Вы должны выбрать имя сохранения.
noSavesFound,Сохранения не найдены. Загрузить классическое сохранение?
cannotSaveNow,Вы не можете сохраниться сейчас.
addEffect,Добавить эффект
buySpell,Купить заклинание
newSpell,Новое заклинание
exit,Выход
casterOnly,На себя
byTouch,Прикосновение
singleTargetAtRange,Одиночная цель на расстоянии
areaAroundCaster,Область вокруг себя
areaAtRange,Область на расстоянии
fireBased,На основе огня
coldBased,На основе холода
poisonBased,На основе яда
shockBased,На основе шока
magicBased,На основе магии
selectIcon,Выбрать значок
nextIcon,Следующий значок
previousIcon,Предыдущий значок
nameSpell,Имя заклинания
enterSpellName,Введите имя заклинания:
noEffectsError,Вы должны добавить к этому заклинанию хотя бы один эффект.
deleteSpell,Вы хотите удалить это заклинание?
sortSpells,Вы хотите отсортировать заклинания?
effectNotFoundError,<эффект не найден>
noItemToActivate,У вас нет пригодного магического предмета
Akatosh,Акатош
Arkay,Аркей
Dibella,Дибелла
Julianos,Джулианос
Kynareth,Кинарет
Mara,Мара
Stendarr,Стендарр
Zenithar,Зенитар
removeKeybind,"Вы уверены, что хотите удалить привязку клавиш для {0} ({1})?"
nord,Норд
settingsNotApplied,"Примечание: Некоторые изменения могут не применяться до тех пор, пока вы не перезапустите игру."
doneButton,Готово
temple,храм
unknownPowers,Неизвестные силы
cannotBeRepaired,Это не подлежит ремонту.
youNeverAwaken,Вы больше не проснулись.
modSettings,Настройки модов
gameEffectsSettings,Настройки эффектов
antialiasing,Сглаживание
ambientOcclusion,Затенение
bloom,Свечение
motionBlur,Размытие движения
vignette,Виньетка
depthOfField,Глубина резкости
antialiasingTip,Придать более гладкий вид
enable,Включить
fxaa,FXAA
smaa,SMAA
taa,TAA
none,Нет
method,Метод
fxaaFastMode,Быстрый режим FXAA
low,Низкий
medium,Средний
high,Высокий
smaaQuality,SMAA Качество
taaSharpness,TAA Резкость
disabled,Отключено
setPageDefaults,По умолчанию
ambientOcclusionTip,Затемняет складки и отверстия
scalableAmbientObscurance,Масштабируемая затемненность
multiScaleVolumetricObscurance,Многомасштабная объемная затемненность
scalableAmbient,Масштабируемое окружение
multiScaleVolumetric,Многомасштабный объем
intensity,Интенсивность
lowest,Самый низкий
ultra,Ультра
radius,Радиус
quality,Качество
thickness,Толщина
bloomTip,Сделать светлые области светящимися
threshold,Порог
diffusion,Распространение
bloomFastMode,Быстрый режим блюра
motionBlurTip,"Симулирует объекты, двигающиеся быстрее камеры"
shutterAngle,Угол затвора
sampleCount,Количество выборок
vignetteTip,Затемнение к краям экрана
smoothness,Гладкость
roundness,Округлость
rounded,Округлый
depthOfFieldTip,Симулирует фокус камерного объектива
focusDistance,Фокусное расстояние
aperture,Диафрагма
focalLength,Фокусное расстояние
maxBlurSize,Максимальный размер размытия
small,Маленький
large,Большой
veryLarge,Очень большой
ditherTip,Применение шума для уменьшения цветовых полос
dither,Дизеринг
colorBoost,Буст цвета
colorBoostTip,Повышение яркости цветов вблизи камеры
dungeonScale,Масштаб подземелья
interiorScale,Масштаб интерьера
exteriorScale,Внешний масштаб
dungeonFalloff,Смещение подземелья
retroMode,Ретро-режим
retroModeTip,Рендеринг мира в более низких разрешениях
mode,Режим
retroModeOff,Выкл
retroMode320x200,320x200
retroMode640x400,640x400
off,Выкл
posterizationFull,Постеризация (полн)
posterizationMinusSky,Постеризация (без неба)
palettizationFull,Палеттизация (полн)
palettizationMinusSky,Палеттизация (без неба)
postProcess,Постобработка
retroModeAspectCorrection,Коррекция соотношения сторон
FourThree,4:3
SixteenTen,16:10
notEnoughSpellpointsLeft,У вас недостаточно очков заклинаний.
totalIdentified,{0} из {1} идентифицировано.
dispelMagicSuccess,Удалось рассеять магию...
dispelMagicFailed,Рассеять магию не получилось...
smallerDungeonsChanged,Изменение размеров подземелья при нахождении в нем. Перемещение игрока к выходу из подземелья.
youNote,"Вы отмечаете: "
customName,"Своё имя: "
StoresA,"%ef:
%cn: Наилучший
Необходимый
Лорд %ef:
Приключенческий
Странный
%ef: Хороший
Выгодный
Винтажный
Императорский
%cn:
%ef: Основной
Превосходный
%ef: Качественный
Первоклассный
%rt представляет:
Чемпионский
Сэр %ef:
Леди %ef:"
GeneralStoresB,"Выбор
Товар Для Дома
Механизм
Магазин Снаряжения
Набор Оборудования
Магазин Оборудования
Запас
Пункт Снабжения
Магазин Товаров
Универмаг
Универсам
Торговый Двор
Рынок
Магазин Керамики
Склад"
WeaponStoresB,"Оружейный Магазин
Магазин Вооружения
Магазин Оружейных Товаров
Образец Вооружения
Арсенал
Производитель Оружия
Выбор Клинков
Кузнец
Металлист
Оружейник"
ArmorStoresB,"Оружейный Склад
Выбор Кольчуги
Магазин Защиты
Выбор Брони
Выбор Щитов
Щит Эгиды
Мастер По Железу
Кузнец
Металлист
Оружейный Мастер
Молотобоец
Кузнечный Цех"
BookStoresB,"Книжный Ряд
Рынок Книг
Книжный Магазин
Книготорговец
Книжный Центр
Продавец Книг
Книжный Киоск
Магазин Антикварных Книг"
LibraryStoresB,"Библиотечный Пункт
Книжный Зал
Читальный Зал
Зал Публичной Библиотеки
Историк
Зал С Книгами
Семинариум
Лицей"
ClothingStoresB,"Одежный Магазин
Магазин Одеяний
Наряд
Магазин Готового Платья
Костюм
Магазин Облачений
Магазин Убранства
Магазин Модных Нарядов
Пошив Одежды
Выбор Экипировки
Магазин Украшений"
AlchemyStoresB,"Выбор Трав
Магазин Зелени
Магазин Специй
Магазин Лечебных Средств
Выбор Противоядий
Доктор
Магазин Медикаментов
Магазин Зелий
Выбор Настоек
Магазин Лекарственных Средств
Выбор Эликсиров
Аптечный Пункт
Аптекарь
Выбор Мазей
Магазин Лекарств
Травяной Сад
Магазин Для Фармацевтов
Химический Набор
Химикат
Эксперимент
Алхимик
Алхимический Раствор
Металлург"
GemStoresB,"Минерал
Самоцвет
Ювелирный Салон
Прибамбас
Драгоценный Камень
Магазин Бижутерии
Ювелир
Сундучок
Ювелирный Магазин
Огранщик"
PawnStoresB,"Ломбард
Ростовщик
Блошиный Рынок
Базар
Развал
Секонд-Хенд
Залог
Антиквариат"
FurnitureStoresB,"Выбор Мебели
Мебельщик
Дизайнер
Магазин Мебели
Декор
Плотник
Столяр
Мастер
Дровосек"
LivestockStoresB,"Скотовод
Заводчик
Домашний Скот
Зверь
Зверек
Охотник
Животновод
Животный Мир
Зверинец"
TavernsA,"Королева и
Королевский
Грязный
Черный
Крот и
Зеленый
Красный
Золотой
Белый
Серебряный
Малиновый
Летающий
Танцующий
Смеющийся
Беспокойный
Жаждущий
Несчастный
Счастливый
Дьявольский
Ржавый
Воющий
Кричащий
Летучая Мышь и
Лев и
Рысь и
Гном и
Бобр и
Лиса и
Мышь и
Свинья и
Перо и
Жаба и
Крыса и
Дикий
Плут и
Мертвый"
TavernsB,"Утес
Кувшин
Грот
Кот
Пёс
Гоблин
Грифон
Дракон
Людоед
Гигант
Джинн
Волк
Егерь
Кинжал
Череп
Меч
Страж
Погреб
Шлем
Замок
Кубок
Орёл
Гном
Ёж
Мушкет
Сурок
Скорпион
Барсук
Козёл
Дикобраз
Жрец
Олененок
Олень
Варвар
Плут
Герой"
houseForSale,Дом на продажу
theBankOf,Банк
daggerfall,Даггерфолл
wayrest,Вэйрест
sentinel,Сентинел
palace,Дворец
regionNames,"Пустыня Алик'р
Горы Драконьего Хвоста
Предгорья Гленпойнта
Утесы Даггерфолла
Йеорт Бурроуленд
Двиннен
Равеннский лес
Девилрок
Малекнский лес
Остров Балфиера
Банта
Дак'фрон
Острова в Западной Илиакской бухте
Тамарилин Пойнт
Скалы Лейнлин
Река Бьюлсае
Вротгарианские горы
Даггерфолл
Гленпойнт
Бетония
Сентинел
Антиклер
Лэйнлин
Вэйрест
Деревня Ген Тем Хай Рок
Деревня Ген Рай Хаммерфелл
Район Орсиниум
Скеффингтонский лес
Побережье залива Хаммерфелл
Побережье Хаммерфелла
Побережье залива Хай-Рок
Морское побережье Хай-Рок
Нортмур
Меневия
Алькайр
Коэгрия
Бхориане
Камбрия
Фригия
Урвай
Икалон
Даэния
Шалгора
Абибон-Гора
Кайру
Потаго
Мыркваса
Аясофья
Тигонус
Козансет
Сатакалаам
Тотамбу
Мурнот
Эфес
Сантаки
Антифилос
Бергама
Гаводон
Тулун
Болота Гленумбры
Илессанские холмы
Кибиады"
ocean,Океан
unknownUpper,Неизвестно
switchToRegion,Переключить на: {0} Регион
locationInRegionProvince,{0} в провинции {1}
dayNames,"Сандас
Морндас
Тирдас
Миддас
Турдас
Фредас
Лордас"
monthNames,"Утренней звезды
Восхода солнца
Первого зерна
Руки дождя
Руки дождя
Середины года
Высокого солнца
Последнего зерна
Огня очага
Начала морозов
Заката солнца
Вечерней звезды"
birthSignNames,"Ритуал
Любовник
Лорд
Маг
Тень
Конь
Ученик
Воин
Леди
Башня
Атронах
Вор"
seasonNames,"Осень
Весна
Лето
Зима"
longDateTimeFormatString,"{0:00}:{1:00}:{2:00}, {3}, {4}е {6:00}, 3Э {7}"
dateTimeFormatString,"{0:00}:{1:00}:{2:00}, {3}е {5:00}, 3Э {6}"
dateFormatString,"{0}, {1}е {3:00}"
ingredientFormatString,{0} {1}
longWeaponNameFormatString,{1} ({0})
longArmorNameFormatString,{1} ({0})
strRatings,"жалкий
хрупкий
слабый
ниже среднего
примерно средний
довольно сильный
спортивный
очень сильный
мощный
сверхчеловек"
intRatings,"овощ
идиот
полуумный
тупой
средний
хитрый
довольно умный
очень умный
гениальный
гений"
wilRatings,"безвольный
покорный
пассивный
отвлеченный
безапелляционный
стабильный
уверенный
волевой
очень сосредоточенный
просветленный"
agiRatings,"увалень
неуклюжий
неповоротливый
неловкий
средний
ловкий
проворный
гибкий
очень ловкий
акробат"
endRatings,"больной
плачевный
непостоянный
неустойчивый
около среднего
выше среднего
очень здоровый
выносливый
титанический
бессмертный"
perRatings,"отвратительный
непопулярный
анонимный
непритязательный
непримечательный
интересный
очаровательный
интересный
авторитетный
харизматичный"
spdRatings,"неактивный
вялый
очень медленный
медленный
около среднего
выше среднего
быстрый
быстроногий
молниеносный
метеоритный"
lucRatings,"проклятый
безнадежный
неблагоприятный
несчастный
примерно средний
довольно удачливый
удачливый
счастливый
очень удачный
любимец богов"
Mage,Маг
Spellsword,Заклинатель
Battlemage,Боевой маг
Sorcerer,Колдун
Healer,Целитель
Nightblade,Ночной клинок
Bard,Бард
Burglar,Взломщик
Rogue,Бродяга
Acrobat,Акробат
Thief,Вор
Assassin,Ассасин
Monk,Монах
Archer,Лучник
Ranger,Рейнджер
Barbarian,Варвар
Warrior,Воин
Knight,Рыцарь
Custom,Приключенец
darkBrotherhoodRanks,"Ученик
Подмастерье
Оператор
Убийца
Палач
Каратель
Терминатор
Ассасин
Темный Брат
Мастер-Ассасин"
fightersRanks,"Ученик
Подмастерье
Мечник
Защитник
Оборонитель
Страж
Хранитель
Чемпион
Воин
Мастер"
knightlyOrderRanks,"Аспирант
Оруженосец
Галант
Шевалье
Хранитель
Рыцарь-брат
Командир
Маршал
Сенешаль
Паладин"
magesRanks,"Ученик
Подмастерье
Призыватель
Колдун
Маг
Чародей
Ведьмак
Волшебник
Главный Волшебник
Архимаг"
templeRanks,"Новичок
Посвященный
Аколит
Адепт
Куратор
Ученик
Брат
Предсказатель
Мастер
Патриарх"
thievesRanks,"Ученик
Подмастерье
Воришка
Преступник
Грабитель
Бандит
Вор
Главарь
Организатор
Главный вор"
darkSister,Темная Сестра
nonMember,не член
knightSister,Рыцарская Сестра
matriarch,Матриарх
sister,Сестра
daedricSkill,Язык даэдра
orcishSkill,Язык орков
midDateTimeFormatString,{0:00}:{1:00}:{2:00} {3:00} {4:00} 3Э {5}
hthDamageFormatString,{0} урон: {1}-{2}
affiliationFormatString,{0} (реп:{1})
answers_5404,"лук
лук стрела
арбалет
луки
арбалеты"
answers_5406,"один
1"
answers_5423,"благотворитель
благодетель
спонсор
даритель
меценат"
answers_5424,"заткнись
замолчи
утихни
закрой рот"
answers_5464,"да
ну да
ок
я согласен
согласен
ага
хорошо
конечно
отлично
окей
не вопрос
угу"
random,Случайно
nordSurnameImmutableSuffix,сен
confirmDefaultControls,Сбросить управление на значения по-умолчанию?
saveLoadPromptFormat,{0}. Персонаж '{1}'
